{"stats":{"minecraft:picked_up":{"minecraft:repeater":60,"minecraft:iron_door":4,"minecraft:tripwire_hook":1,"minecraft:wooden_pickaxe":25,"minecraft:cornflower":1,"minecraft:paper":1,"minecraft:oak_sign":310,"minecraft:wheat_seeds":33,"minecraft:netherite_sword":1,"minecraft:comparator":1,"minecraft:iron_ingot":1664,"minecraft:beef":1600,"minecraft:redstone_torch":2,"minecraft:poppy":13,"minecraft:egg":1,"minecraft:dark_oak_slab":1,"minecraft:yellow_concrete":1,"minecraft:dandelion":3,"minecraft:stone_button":10,"minecraft:redstone":14,"minecraft:rabbit_foot":1,"minecraft:black_concrete":1,"minecraft:painting":828,"minecraft:white_concrete":2},"minecraft:dropped":{"minecraft:yellow_concrete":1,"minecraft:netherite_sword":1,"minecraft:dark_oak_slab":2,"minecraft:rabbit_foot":2,"minecraft:iron_block":1,"minecraft:coal_ore":1,"minecraft:white_concrete":2,"minecraft:redstone_torch":2,"minecraft:iron_bars":1,"minecraft:black_concrete":1,"minecraft:paper":65,"minecraft:tripwire_hook":255},"minecraft:custom":{"minecraft:mob_kills":80,"minecraft:interact_with_anvil":20,"minecraft:inspect_hopper":98,"minecraft:traded_with_villager":70,"minecraft:fill_cauldron":3,"minecraft:leave_game":10,"minecraft:time_since_death":508556,"minecraft:climb_one_cm":673,"minecraft:time_since_rest":508556,"minecraft:damage_taken":10,"minecraft:sprint_one_cm":345941,"minecraft:walk_one_cm":460776,"minecraft:trigger_trapped_chest":13,"minecraft:drop":22,"minecraft:damage_dealt":15829,"minecraft:swim_one_cm":6415,"minecraft:talked_to_villager":57,"minecraft:fly_one_cm":4270155,"minecraft:open_chest":54,"minecraft:crouch_one_cm":37063,"minecraft:play_time":508556,"minecraft:sneak_time":26851,"minecraft:walk_under_water_one_cm":8666,"minecraft:jump":1360,"minecraft:walk_on_water_one_cm":21086,"minecraft:total_world_time":777196,"minecraft:fall_one_cm":335,"minecraft:inspect_dispenser":22},"minecraft:used":{"minecraft:water_bucket":5,"minecraft:netherite_sword":82,"minecraft:iron_bars":202,"minecraft:writable_book":7,"minecraft:chiseled_deepslate":7,"minecraft:flint_and_steel":2,"minecraft:wither_skeleton_skull":5,"minecraft:birch_planks":62,"minecraft:armor_stand":1,"minecraft:red_concrete":13,"minecraft:dark_oak_sign":1,"minecraft:dispenser":22,"minecraft:redstone":299,"minecraft:oak_planks":73,"minecraft:ladder":40,"minecraft:oak_sign":107,"minecraft:chest":53,"minecraft:spruce_planks":110,"minecraft:black_glazed_terracotta":1,"minecraft:stone":123,"minecraft:redstone_block":6,"minecraft:cauldron":9,"minecraft:spruce_sign":1,"minecraft:quartz_stairs":32,"minecraft:player_head":53,"minecraft:netherrack":2,"minecraft:smooth_quartz_stairs":9,"minecraft:dirt":200,"minecraft:anvil":29,"minecraft:oak_slab":184,"minecraft:comparator":25,"minecraft:red_bed":26,"minecraft:blue_stained_glass":7,"minecraft:white_carpet":12,"minecraft:crafting_table":7,"minecraft:hopper":31,"minecraft:yellow_concrete":67,"minecraft:painting":85,"minecraft:spruce_log":180,"minecraft:warped_pressure_plate":6,"minecraft:blue_concrete":21,"minecraft:light_blue_stained_glass":2,"minecraft:oak_fence_gate":5,"minecraft:deepslate_brick_stairs":78,"minecraft:dark_oak_door":1,"minecraft:redstone_torch":6,"minecraft:piston":1,"minecraft:sticky_piston":23,"minecraft:dark_oak_planks":4,"minecraft:lever":32,"minecraft:green_concrete":145,"minecraft:light":4,"minecraft:black_wool":3,"minecraft:black_concrete":147,"minecraft:bricks":1758,"minecraft:coal_ore":6,"minecraft:red_wool":3,"minecraft:villager_spawn_egg":2,"minecraft:command_block":133,"minecraft:iron_block":15,"minecraft:heavy_weighted_pressure_plate":66,"minecraft:light_weighted_pressure_plate":12,"minecraft:grass_block":169,"minecraft:oak_stairs":57,"minecraft:string":8,"minecraft:stone_button":65,"minecraft:dark_oak_slab":1,"minecraft:smooth_quartz":424,"minecraft:iron_door":42,"minecraft:spruce_sapling":21,"minecraft:stone_bricks":149,"minecraft:yellow_wool":7,"minecraft:item_frame":6,"minecraft:tripwire_hook":11,"minecraft:exposed_cut_copper_slab":2,"minecraft:repeater":193,"minecraft:purple_concrete":11,"minecraft:red_carpet":18,"minecraft:gray_glazed_terracotta":10,"minecraft:written_book":7,"minecraft:iron_trapdoor":3,"minecraft:crimson_stairs":12,"minecraft:stripped_oak_wood":11,"minecraft:furnace":15,"minecraft:dark_oak_fence":3,"minecraft:podzol":2,"minecraft:trapped_chest":7,"minecraft:chain_command_block":56,"minecraft:skeleton_skull":2,"minecraft:magenta_glazed_terracotta":21,"minecraft:repeating_command_block":21,"minecraft:crimson_pressure_plate":5,"minecraft:white_concrete":268,"minecraft:coarse_dirt":219,"minecraft:acacia_planks":33,"minecraft:bone_meal":250},"minecraft:killed":{"minecraft:axolotl":1,"minecraft:glow_squid":1,"minecraft:villager":78},"minecraft:crafted":{"minecraft:tripwire_hook":67,"minecraft:rabbit_foot":1,"minecraft:air":0,"minecraft:potion":1,"minecraft:iron_pickaxe":1}},"DataVersion":2730}